latitude,longitude,latitude_moved,longitude_moved,dist_moved,i.latitude_moved,i.longitude_moved,i.dist_moved,i.latitude_moved.4,i.longitude_moved.4,i.dist_moved.4,i.latitude_moved.3,i.longitude_moved.3,i.dist_moved.3,i.latitude_moved.2,i.longitude_moved.2,i.dist_moved.2,year,month,country,basisOfRecord,latitude_moved.x,longitude_moved.x,dist_moved.x,GulfofPiran_seaway.x,GulfofPiran_geodesic.x,RavennaH_seaway.x,RavennaH_geodesic.x,RavennaM_seaway.x,RavennaM_geodesic.x,latitude_moved.y,longitude_moved.y,dist_moved.y,GulfofPiran_seaway.y,GulfofPiran_geodesic.y,RavennaH_seaway.y,RavennaH_geodesic.y,RavennaM_seaway.y,RavennaM_geodesic.y,i.latitude_moved.1,i.longitude_moved.1,i.dist_moved.1,GulfofPiran_seaway,GulfofPiran_geodesic,RavennaH_seaway,RavennaH_geodesic,RavennaM_seaway,RavennaM_geodesic
45.24194,12.292425,45.24194,12.292425,0,45.24194,12.292425,0,45.24194,12.292425,0,45.24194,12.292425,0,45.24194,12.292425,0,2025,4,Italy,HUMAN_OBSERVATION,,,,112,104,98,88,98,88,,,,112,104,98,88,98,88,,,,112,104,98,88,98,88
45.327809,12.321359,45.327809,12.321359,0,45.327809,12.321359,0,45.327809,12.321359,0,45.327809,12.321359,0,45.327809,12.321359,0,2025,4,Italy,HUMAN_OBSERVATION,,,,101,100,105,98,105,98,,,,101,100,105,98,105,98,,,,101,100,105,98,105,98
45.431332,12.351641,45.35,12.35,9.05,45.35,12.35,9.05,45.35,12.35,9.05,45.35,12.35,9.05,45.35,12.35,9.05,2023,3,Italy,HUMAN_OBSERVATION,45.35,12.35,9.05,101,97,105,100,105,100,45.35,12.35,9.05,101,97,105,100,105,100,45.35,12.35,9.05,101,97,105,100,105,100
45.322608,12.317792,45.322608,12.317792,0,45.322608,12.317792,0,45.322608,12.317792,0,45.322608,12.317792,0,45.322608,12.317792,0,2023,3,Italy,HUMAN_OBSERVATION,,,,101,100,105,97,105,97,,,,101,100,105,97,105,97,,,,101,100,105,97,105,97
45.437936,12.303813,45.35,12.35,10.43,45.35,12.35,10.43,45.35,12.35,10.43,45.35,12.35,10.43,45.35,12.35,10.43,2023,3,Italy,HUMAN_OBSERVATION,45.35,12.35,10.43,101,97,105,100,105,100,45.35,12.35,10.43,101,97,105,100,105,100,45.35,12.35,10.43,101,97,105,100,105,100
45.438333,12.335949,45.35,12.35,9.89,45.35,12.35,9.89,45.35,12.35,9.89,45.35,12.35,9.89,45.35,12.35,9.89,2023,3,Italy,HUMAN_OBSERVATION,45.35,12.35,9.89,101,97,105,100,105,100,45.35,12.35,9.89,101,97,105,100,105,100,45.35,12.35,9.89,101,97,105,100,105,100
45.372329,12.336442,45.372329,12.336442,0,45.372329,12.336442,0,45.372329,12.336442,0,45.372329,12.336442,0,45.372329,12.336442,0,2023,4,Italy,HUMAN_OBSERVATION,,,,101,98,105,103,105,103,,,,101,98,105,103,105,103,,,,101,98,105,103,105,103
45.430042,12.381753,45.35,12.35,9.25,45.35,12.35,9.25,45.35,12.35,9.25,45.35,12.35,9.25,45.35,12.35,9.25,2023,4,Italy,HUMAN_OBSERVATION,45.35,12.35,9.25,101,97,105,100,105,100,45.35,12.35,9.25,101,97,105,100,105,100,45.35,12.35,9.25,101,97,105,100,105,100
45.408619,12.362979,45.35,12.35,6.6,45.35,12.35,6.6,45.35,12.35,6.6,45.35,12.35,6.6,45.35,12.35,6.6,2023,4,Italy,HUMAN_OBSERVATION,45.35,12.35,6.6,101,97,105,100,105,100,45.35,12.35,6.6,101,97,105,100,105,100,45.35,12.35,6.6,101,97,105,100,105,100
45.341947,12.30899,45.341947,12.30899,0,45.341947,12.30899,0,45.341947,12.30899,0,45.341947,12.30899,0,45.341947,12.30899,0,2023,4,Italy,HUMAN_OBSERVATION,,,,101,100,105,99,105,99,,,,101,100,105,99,105,99,,,,101,100,105,99,105,99
45.38991,12.3492,45.38991,12.3492,0,45.38991,12.3492,0,45.38991,12.3492,0,45.38991,12.3492,0,45.38991,12.3492,0,2023,4,Italy,HUMAN_OBSERVATION,,,,101,96,105,104,105,104,,,,101,96,105,104,105,104,,,,101,96,105,104,105,104
45.332859,12.317289,45.332859,12.317289,0,45.332859,12.317289,0,45.332859,12.317289,0,45.332859,12.317289,0,45.332859,12.317289,0,2023,4,Italy,HUMAN_OBSERVATION,,,,101,100,105,98,105,98,,,,101,100,105,98,105,98,,,,101,100,105,98,105,98
45.270654,12.299697,45.270654,12.299697,0,45.270654,12.299697,0,45.270654,12.299697,0,45.270654,12.299697,0,45.270654,12.299697,0,2023,4,Italy,HUMAN_OBSERVATION,,,,112,103,98,91,98,91,,,,112,103,98,91,98,91,,,,112,103,98,91,98,91
45.311142,12.310998,45.311142,12.310998,0,45.311142,12.310998,0,45.311142,12.310998,0,45.311142,12.310998,0,45.311142,12.310998,0,2023,4,Italy,HUMAN_OBSERVATION,,,,101,101,105,96,105,96,,,,101,101,105,96,105,96,,,,101,101,105,96,105,96
45.433642,12.327514,45.35,12.35,9.48,45.35,12.35,9.48,45.35,12.35,9.48,45.35,12.35,9.48,45.35,12.35,9.48,2023,4,Italy,HUMAN_OBSERVATION,45.35,12.35,9.48,101,97,105,100,105,100,45.35,12.35,9.48,101,97,105,100,105,100,45.35,12.35,9.48,101,97,105,100,105,100
45.316936,12.314843,45.316936,12.314843,0,45.316936,12.314843,0,45.316936,12.314843,0,45.316936,12.314843,0,45.316936,12.314843,0,2023,4,Italy,HUMAN_OBSERVATION,,,,101,101,105,96,105,96,,,,101,101,105,96,105,96,,,,101,101,105,96,105,96
45.435175,12.320595,45.35,12.35,9.76,45.35,12.35,9.76,45.35,12.35,9.76,45.35,12.35,9.76,45.35,12.35,9.76,2023,4,Italy,HUMAN_OBSERVATION,45.35,12.35,9.76,101,97,105,100,105,100,45.35,12.35,9.76,101,97,105,100,105,100,45.35,12.35,9.76,101,97,105,100,105,100
45.433443,12.341043,45.35,12.35,9.32,45.35,12.35,9.32,45.35,12.35,9.32,45.35,12.35,9.32,45.35,12.35,9.32,2023,4,Italy,HUMAN_OBSERVATION,45.35,12.35,9.32,101,97,105,100,105,100,45.35,12.35,9.32,101,97,105,100,105,100,45.35,12.35,9.32,101,97,105,100,105,100
45.253714,12.299056,45.253714,12.299056,0,45.253714,12.299056,0,45.253714,12.299056,0,45.253714,12.299056,0,45.253714,12.299056,0,2023,4,Italy,HUMAN_OBSERVATION,,,,112,104,98,89,98,89,,,,112,104,98,89,98,89,,,,112,104,98,89,98,89
45.243062,12.293684,45.243062,12.293684,0,45.243062,12.293684,0,45.243062,12.293684,0,45.243062,12.293684,0,45.243062,12.293684,0,2023,4,Italy,HUMAN_OBSERVATION,,,,112,104,98,88,98,88,,,,112,104,98,88,98,88,,,,112,104,98,88,98,88
45.429543,12.342367,45.35,12.35,8.87,45.35,12.35,8.87,45.35,12.35,8.87,45.35,12.35,8.87,45.35,12.35,8.87,2023,4,Italy,HUMAN_OBSERVATION,45.35,12.35,8.87,101,97,105,100,105,100,45.35,12.35,8.87,101,97,105,100,105,100,45.35,12.35,8.87,101,97,105,100,105,100
45.433551,12.346923,45.35,12.35,9.3,45.35,12.35,9.3,45.35,12.35,9.3,45.35,12.35,9.3,45.35,12.35,9.3,2023,4,Italy,HUMAN_OBSERVATION,45.35,12.35,9.3,101,97,105,100,105,100,45.35,12.35,9.3,101,97,105,100,105,100,45.35,12.35,9.3,101,97,105,100,105,100
45.440621,12.321593,45.35,12.35,10.33,45.35,12.35,10.33,45.35,12.35,10.33,45.35,12.35,10.33,45.35,12.35,10.33,2023,4,Italy,HUMAN_OBSERVATION,45.35,12.35,10.33,101,97,105,100,105,100,45.35,12.35,10.33,101,97,105,100,105,100,45.35,12.35,10.33,101,97,105,100,105,100
45.42764,12.36316,45.35,12.35,8.7,45.35,12.35,8.7,45.35,12.35,8.7,45.35,12.35,8.7,45.35,12.35,8.7,2023,4,Italy,HUMAN_OBSERVATION,45.35,12.35,8.7,101,97,105,100,105,100,45.35,12.35,8.7,101,97,105,100,105,100,45.35,12.35,8.7,101,97,105,100,105,100
45.442544,12.328543,45.35,12.35,10.44,45.35,12.35,10.44,45.35,12.35,10.44,45.35,12.35,10.44,45.35,12.35,10.44,2023,4,Italy,HUMAN_OBSERVATION,45.35,12.35,10.44,101,97,105,100,105,100,45.35,12.35,10.44,101,97,105,100,105,100,45.35,12.35,10.44,101,97,105,100,105,100
45.425287,12.361025,45.35,12.35,8.43,45.35,12.35,8.43,45.35,12.35,8.43,45.35,12.35,8.43,45.35,12.35,8.43,2023,4,Italy,HUMAN_OBSERVATION,45.35,12.35,8.43,101,97,105,100,105,100,45.35,12.35,8.43,101,97,105,100,105,100,45.35,12.35,8.43,101,97,105,100,105,100
45.417835,12.368273,45.35,12.35,7.69,45.35,12.35,7.69,45.35,12.35,7.69,45.35,12.35,7.69,45.35,12.35,7.69,2023,4,Italy,HUMAN_OBSERVATION,45.35,12.35,7.69,101,97,105,100,105,100,45.35,12.35,7.69,101,97,105,100,105,100,45.35,12.35,7.69,101,97,105,100,105,100
45.43256,12.338895,45.35,12.35,9.23,45.35,12.35,9.23,45.35,12.35,9.23,45.35,12.35,9.23,45.35,12.35,9.23,2023,4,Italy,HUMAN_OBSERVATION,45.35,12.35,9.23,101,97,105,100,105,100,45.35,12.35,9.23,101,97,105,100,105,100,45.35,12.35,9.23,101,97,105,100,105,100
45.428327,12.331671,45.35,12.35,8.84,45.35,12.35,8.84,45.35,12.35,8.84,45.35,12.35,8.84,45.35,12.35,8.84,2023,4,Italy,HUMAN_OBSERVATION,45.35,12.35,8.84,101,97,105,100,105,100,45.35,12.35,8.84,101,97,105,100,105,100,45.35,12.35,8.84,101,97,105,100,105,100
45.606796,12.89986,45.55,12.85,7.42,45.55,12.85,7.42,45.55,12.85,7.42,45.55,12.85,7.42,45.55,12.85,7.42,2023,4,Italy,HUMAN_OBSERVATION,45.55,12.85,7.42,55,56,129,128,129,128,45.55,12.85,7.42,55,56,129,128,129,128,45.55,12.85,7.42,55,56,129,128,129,128
45.432795,12.349494,45.35,12.35,9.22,45.35,12.35,9.22,45.35,12.35,9.22,45.35,12.35,9.22,45.35,12.35,9.22,2023,5,Italy,HUMAN_OBSERVATION,45.35,12.35,9.22,101,97,105,100,105,100,45.35,12.35,9.22,101,97,105,100,105,100,45.35,12.35,9.22,101,97,105,100,105,100
45.433781,12.344408,45.35,12.35,9.34,45.35,12.35,9.34,45.35,12.35,9.34,45.35,12.35,9.34,45.35,12.35,9.34,2023,5,Italy,HUMAN_OBSERVATION,45.35,12.35,9.34,101,97,105,100,105,100,45.35,12.35,9.34,101,97,105,100,105,100,45.35,12.35,9.34,101,97,105,100,105,100
45.433781,12.344408,45.35,12.35,9.34,45.35,12.35,9.34,45.35,12.35,9.34,45.35,12.35,9.34,45.35,12.35,9.34,2023,5,Italy,HUMAN_OBSERVATION,45.35,12.35,9.34,101,97,105,100,105,100,45.35,12.35,9.34,101,97,105,100,105,100,45.35,12.35,9.34,101,97,105,100,105,100
45.433781,12.344408,45.35,12.35,9.34,45.35,12.35,9.34,45.35,12.35,9.34,45.35,12.35,9.34,45.35,12.35,9.34,2023,5,Italy,HUMAN_OBSERVATION,45.35,12.35,9.34,101,97,105,100,105,100,45.35,12.35,9.34,101,97,105,100,105,100,45.35,12.35,9.34,101,97,105,100,105,100
45.433781,12.344408,45.35,12.35,9.34,45.35,12.35,9.34,45.35,12.35,9.34,45.35,12.35,9.34,45.35,12.35,9.34,2023,5,Italy,HUMAN_OBSERVATION,45.35,12.35,9.34,101,97,105,100,105,100,45.35,12.35,9.34,101,97,105,100,105,100,45.35,12.35,9.34,101,97,105,100,105,100
45.433781,12.344408,45.35,12.35,9.34,45.35,12.35,9.34,45.35,12.35,9.34,45.35,12.35,9.34,45.35,12.35,9.34,2023,5,Italy,HUMAN_OBSERVATION,45.35,12.35,9.34,101,97,105,100,105,100,45.35,12.35,9.34,101,97,105,100,105,100,45.35,12.35,9.34,101,97,105,100,105,100
45.433781,12.344408,45.35,12.35,9.34,45.35,12.35,9.34,45.35,12.35,9.34,45.35,12.35,9.34,45.35,12.35,9.34,2023,5,Italy,HUMAN_OBSERVATION,45.35,12.35,9.34,101,97,105,100,105,100,45.35,12.35,9.34,101,97,105,100,105,100,45.35,12.35,9.34,101,97,105,100,105,100
45.306769,12.313777,45.306769,12.313777,0,45.306769,12.313777,0,45.306769,12.313777,0,45.306769,12.313777,0,45.306769,12.313777,0,2023,6,Italy,HUMAN_OBSERVATION,,,,101,101,105,95,105,95,,,,101,101,105,95,105,95,,,,101,101,105,95,105,95
45.313546,12.316491,45.313546,12.316491,0,45.313546,12.316491,0,45.313546,12.316491,0,45.313546,12.316491,0,45.313546,12.316491,0,2023,6,Italy,HUMAN_OBSERVATION,,,,101,101,105,96,105,96,,,,101,101,105,96,105,96,,,,101,101,105,96,105,96
45.41373,12.378265,45.35,12.35,7.43,45.35,12.35,7.43,45.35,12.35,7.43,45.35,12.35,7.43,45.35,12.35,7.43,2023,6,Italy,HUMAN_OBSERVATION,45.35,12.35,7.43,101,97,105,100,105,100,45.35,12.35,7.43,101,97,105,100,105,100,45.35,12.35,7.43,101,97,105,100,105,100
45.419384,12.386611,45.35,12.35,8.24,45.35,12.35,8.24,45.35,12.35,8.24,45.35,12.35,8.24,45.35,12.35,8.24,2022,6,Italy,HUMAN_OBSERVATION,45.35,12.35,8.24,101,97,105,100,105,100,45.35,12.35,8.24,101,97,105,100,105,100,45.35,12.35,8.24,101,97,105,100,105,100
45.480474,12.480341,45.45,12.55,6.41,45.45,12.55,6.41,45.45,12.55,6.41,45.45,12.55,6.41,45.45,12.55,6.41,2022,6,Italy,HUMAN_OBSERVATION,45.45,12.55,6.41,82,80,114,112,114,112,45.45,12.55,6.41,82,80,114,112,114,112,45.45,12.55,6.41,82,80,114,112,114,112
38.49795,23.531935,38.55,23.55,6,38.55,23.55,6,38.55,23.55,6,38.55,23.55,6,38.55,23.55,6,2022,8,Greece,HUMAN_OBSERVATION,38.55,23.55,6,1539,1131,1507,1140,1507,1140,38.55,23.55,6,1539,1131,1507,1140,1507,1140,38.55,23.55,6,1539,1131,1507,1140,1507,1140
45.273378,12.303228,45.273378,12.303228,0,45.273378,12.303228,0,45.273378,12.303228,0,45.273378,12.303228,0,45.273378,12.303228,0,2021,5,Italy,HUMAN_OBSERVATION,,,,104,103,94,92,94,92,,,,104,103,94,92,94,92,,,,104,103,94,92,94,92
45.239296,12.298861,45.239296,12.298861,0,45.239296,12.298861,0,45.239296,12.298861,0,45.239296,12.298861,0,45.239296,12.298861,0,2021,5,Italy,HUMAN_OBSERVATION,,,,112,104,98,88,98,88,,,,112,104,98,88,98,88,,,,112,104,98,88,98,88
39.145299,23.165916,39.145299,23.165916,0,39.145299,23.165916,0,39.145299,23.165916,0,39.145299,23.165916,0,39.145299,23.165916,0,2021,6,Greece,HUMAN_OBSERVATION,,,,1545,1060,1513,1073,1513,1073,,,,1545,1060,1513,1073,1513,1073,,,,1545,1060,1513,1073,1513,1073
45.426276,12.327195,45.35,12.35,8.68,45.35,12.35,8.68,45.35,12.35,8.68,45.35,12.35,8.68,45.35,12.35,8.68,2020,4,Italy,HUMAN_OBSERVATION,45.35,12.35,8.68,101,97,105,100,105,100,45.35,12.35,8.68,101,97,105,100,105,100,45.35,12.35,8.68,101,97,105,100,105,100
45.4249,12.326864,45.35,12.35,8.53,45.35,12.35,8.53,45.35,12.35,8.53,45.35,12.35,8.53,45.35,12.35,8.53,2020,4,Italy,HUMAN_OBSERVATION,45.35,12.35,8.53,101,97,105,100,105,100,45.35,12.35,8.53,101,97,105,100,105,100,45.35,12.35,8.53,101,97,105,100,105,100
45.42491,12.327208,45.35,12.35,8.53,45.35,12.35,8.53,45.35,12.35,8.53,45.35,12.35,8.53,45.35,12.35,8.53,2020,4,Italy,HUMAN_OBSERVATION,45.35,12.35,8.53,101,97,105,100,105,100,45.35,12.35,8.53,101,97,105,100,105,100,45.35,12.35,8.53,101,97,105,100,105,100
45.424988,12.327641,45.35,12.35,8.53,45.35,12.35,8.53,45.35,12.35,8.53,45.35,12.35,8.53,45.35,12.35,8.53,2020,4,Italy,HUMAN_OBSERVATION,45.35,12.35,8.53,101,97,105,100,105,100,45.35,12.35,8.53,101,97,105,100,105,100,45.35,12.35,8.53,101,97,105,100,105,100
45.424687,12.32786,45.35,12.35,8.49,45.35,12.35,8.49,45.35,12.35,8.49,45.35,12.35,8.49,45.35,12.35,8.49,2020,4,Italy,HUMAN_OBSERVATION,45.35,12.35,8.49,101,97,105,100,105,100,45.35,12.35,8.49,101,97,105,100,105,100,45.35,12.35,8.49,101,97,105,100,105,100
45.423483,12.32724,45.35,12.35,8.37,45.35,12.35,8.37,45.35,12.35,8.37,45.35,12.35,8.37,45.35,12.35,8.37,2020,4,Italy,HUMAN_OBSERVATION,45.35,12.35,8.37,101,97,105,100,105,100,45.35,12.35,8.37,101,97,105,100,105,100,45.35,12.35,8.37,101,97,105,100,105,100
45.423899,12.326743,45.35,12.35,8.42,45.35,12.35,8.42,45.35,12.35,8.42,45.35,12.35,8.42,45.35,12.35,8.42,2020,4,Italy,HUMAN_OBSERVATION,45.35,12.35,8.42,101,97,105,100,105,100,45.35,12.35,8.42,101,97,105,100,105,100,45.35,12.35,8.42,101,97,105,100,105,100
45.429937,12.339617,45.35,12.35,8.94,45.35,12.35,8.94,45.35,12.35,8.94,45.35,12.35,8.94,45.35,12.35,8.94,2020,4,Italy,HUMAN_OBSERVATION,45.35,12.35,8.94,101,97,105,100,105,100,45.35,12.35,8.94,101,97,105,100,105,100,45.35,12.35,8.94,101,97,105,100,105,100
45.432409,12.316813,45.35,12.35,9.53,45.35,12.35,9.53,45.35,12.35,9.53,45.35,12.35,9.53,45.35,12.35,9.53,2020,4,Italy,HUMAN_OBSERVATION,45.35,12.35,9.53,101,97,105,100,105,100,45.35,12.35,9.53,101,97,105,100,105,100,45.35,12.35,9.53,101,97,105,100,105,100
45.42739,12.339775,45.35,12.35,8.65,45.35,12.35,8.65,45.35,12.35,8.65,45.35,12.35,8.65,45.35,12.35,8.65,2020,4,Italy,HUMAN_OBSERVATION,45.35,12.35,8.65,101,97,105,100,105,100,45.35,12.35,8.65,101,97,105,100,105,100,45.35,12.35,8.65,101,97,105,100,105,100
45.431089,12.335536,45.35,12.35,9.1,45.35,12.35,9.1,45.35,12.35,9.1,45.35,12.35,9.1,45.35,12.35,9.1,2020,4,Italy,HUMAN_OBSERVATION,45.35,12.35,9.1,101,97,105,100,105,100,45.35,12.35,9.1,101,97,105,100,105,100,45.35,12.35,9.1,101,97,105,100,105,100
45.426252,12.327228,45.35,12.35,8.67,45.35,12.35,8.67,45.35,12.35,8.67,45.35,12.35,8.67,45.35,12.35,8.67,2020,4,Italy,HUMAN_OBSERVATION,45.35,12.35,8.67,101,97,105,100,105,100,45.35,12.35,8.67,101,97,105,100,105,100,45.35,12.35,8.67,101,97,105,100,105,100
45.425555,12.331067,45.35,12.35,8.54,45.35,12.35,8.54,45.35,12.35,8.54,45.35,12.35,8.54,45.35,12.35,8.54,2020,5,Italy,HUMAN_OBSERVATION,45.35,12.35,8.54,101,97,105,100,105,100,45.35,12.35,8.54,101,97,105,100,105,100,45.35,12.35,8.54,101,97,105,100,105,100
40.42865,22.871022,40.42865,22.871022,0,40.42865,22.871022,0,40.42865,22.871022,0,40.42865,22.871022,0,40.42865,22.871022,0,2020,5,Greece,HUMAN_OBSERVATION,,,,1673,945,1642,973,1642,973,,,,1673,945,1642,973,1642,973,,,,1673,945,1642,973,1642,973
39.139272,23.26916,39.15,23.35,7.08,39.15,23.35,7.08,39.15,23.35,7.08,39.15,23.35,7.08,39.15,23.35,7.08,2020,6,Greece,HUMAN_OBSERVATION,39.15,23.35,7.08,1532,1071,1500,1086,1500,1086,39.15,23.35,7.08,1532,1071,1500,1086,1500,1086,39.15,23.35,7.08,1532,1071,1500,1086,1500,1086
44.826491,12.421608,44.75,12.45,8.81,44.75,12.45,8.81,44.75,12.45,8.81,44.75,12.45,8.81,44.75,12.45,8.81,2020,6,Italy,HUMAN_OBSERVATION,44.75,12.45,8.81,126,123,35,34,35,34,44.75,12.45,8.81,126,123,35,34,35,34,44.75,12.45,8.81,126,123,35,34,35,34
45.42492,12.327456,45.35,12.35,8.52,45.35,12.35,8.52,45.35,12.35,8.52,45.35,12.35,8.52,45.35,12.35,8.52,2020,6,Italy,HUMAN_OBSERVATION,45.35,12.35,8.52,101,97,105,100,105,100,45.35,12.35,8.52,101,97,105,100,105,100,45.35,12.35,8.52,101,97,105,100,105,100
44.130578,12.489027,44.15,12.55,5.33,44.15,12.55,5.33,44.15,12.55,5.33,44.15,12.55,5.33,44.15,12.55,5.33,2020,6,Italy,HUMAN_OBSERVATION,44.15,12.55,5.33,176,172,37,37,37,37,44.15,12.55,5.33,176,172,37,37,37,37,44.15,12.55,5.33,176,172,37,37,37,37
45.395397,12.360175,45.395397,12.360175,0,45.395397,12.360175,0,45.395397,12.360175,0,45.395397,12.360175,0,45.395397,12.360175,0,2020,7,Italy,HUMAN_OBSERVATION,,,,101,95,105,105,105,105,,,,101,95,105,105,105,105,,,,101,95,105,105,105,105
45.62738,13.001711,45.55,13.05,9.4,45.55,13.05,9.4,45.55,13.05,9.4,45.55,13.05,9.4,45.55,13.05,9.4,2018,5,Italy,HUMAN_OBSERVATION,45.55,13.05,9.4,39,41,135,134,135,134,45.55,13.05,9.4,39,41,135,134,135,134,45.55,13.05,9.4,39,41,135,134,135,134
45.362311,12.345559,45.362311,12.345559,0,45.362311,12.345559,0,45.362311,12.345559,0,45.362311,12.345559,0,45.362311,12.345559,0,2008,5,Italy,HUMAN_OBSERVATION,,,,101,97,105,101,105,101,,,,101,97,105,101,105,101,,,,101,97,105,101,105,101
45.084805,13.63444,45.084805,13.63444,0,45.084805,13.63444,0,45.084805,13.63444,0,45.084805,13.63444,0,45.084805,13.63444,0,2020,7,Croatia,MATERIAL_SAMPLE,,,,61,49,124,124,124,124,,,,61,49,124,124,124,124,,,,61,49,124,124,124,124
45.084805,13.63444,45.084805,13.63444,0,45.084805,13.63444,0,45.084805,13.63444,0,45.084805,13.63444,0,45.084805,13.63444,0,2020,7,Croatia,MATERIAL_SAMPLE,,,,61,49,124,124,124,124,,,,61,49,124,124,124,124,,,,61,49,124,124,124,124
45.084805,13.63444,45.084805,13.63444,0,45.084805,13.63444,0,45.084805,13.63444,0,45.084805,13.63444,0,45.084805,13.63444,0,2020,7,Croatia,MATERIAL_SAMPLE,,,,61,49,124,124,124,124,,,,61,49,124,124,124,124,,,,61,49,124,124,124,124
45.084805,13.63444,45.084805,13.63444,0,45.084805,13.63444,0,45.084805,13.63444,0,45.084805,13.63444,0,45.084805,13.63444,0,2020,7,Croatia,MATERIAL_SAMPLE,,,,61,49,124,124,124,124,,,,61,49,124,124,124,124,,,,61,49,124,124,124,124
45.084805,13.63444,45.084805,13.63444,0,45.084805,13.63444,0,45.084805,13.63444,0,45.084805,13.63444,0,45.084805,13.63444,0,2020,7,Croatia,MATERIAL_SAMPLE,,,,61,49,124,124,124,124,,,,61,49,124,124,124,124,,,,61,49,124,124,124,124
46.137592,14.890636,45.35,14.35,97.21,45.35,14.35,97.21,45.35,14.35,97.21,45.35,14.35,97.21,45.35,14.35,97.21,,,Slovenia,MATERIAL_SAMPLE,45.35,14.35,97.21,178,64,210,187,210,187,45.35,14.35,97.21,178,64,210,187,210,187,45.35,14.35,97.21,178,64,210,187,210,187
46.137592,14.890636,45.35,14.35,97.21,45.35,14.35,97.21,45.35,14.35,97.21,45.35,14.35,97.21,45.35,14.35,97.21,,,Slovenia,MATERIAL_SAMPLE,45.35,14.35,97.21,178,64,210,187,210,187,45.35,14.35,97.21,178,64,210,187,210,187,45.35,14.35,97.21,178,64,210,187,210,187
46.137592,14.890636,45.35,14.35,97.21,45.35,14.35,97.21,45.35,14.35,97.21,45.35,14.35,97.21,45.35,14.35,97.21,,,Slovenia,MATERIAL_SAMPLE,45.35,14.35,97.21,178,64,210,187,210,187,45.35,14.35,97.21,178,64,210,187,210,187,45.35,14.35,97.21,178,64,210,187,210,187
46.137592,14.890636,45.35,14.35,97.21,45.35,14.35,97.21,45.35,14.35,97.21,45.35,14.35,97.21,45.35,14.35,97.21,,,Slovenia,MATERIAL_SAMPLE,45.35,14.35,97.21,178,64,210,187,210,187,45.35,14.35,97.21,178,64,210,187,210,187,45.35,14.35,97.21,178,64,210,187,210,187
46.137592,14.890636,45.35,14.35,97.21,45.35,14.35,97.21,45.35,14.35,97.21,45.35,14.35,97.21,45.35,14.35,97.21,,,Slovenia,MATERIAL_SAMPLE,45.35,14.35,97.21,178,64,210,187,210,187,45.35,14.35,97.21,178,64,210,187,210,187,45.35,14.35,97.21,178,64,210,187,210,187
46.137592,14.890636,45.35,14.35,97.21,45.35,14.35,97.21,45.35,14.35,97.21,45.35,14.35,97.21,45.35,14.35,97.21,,,Slovenia,MATERIAL_SAMPLE,45.35,14.35,97.21,178,64,210,187,210,187,45.35,14.35,97.21,178,64,210,187,210,187,45.35,14.35,97.21,178,64,210,187,210,187
46.137592,14.890636,45.35,14.35,97.21,45.35,14.35,97.21,45.35,14.35,97.21,45.35,14.35,97.21,45.35,14.35,97.21,,,Slovenia,MATERIAL_SAMPLE,45.35,14.35,97.21,178,64,210,187,210,187,45.35,14.35,97.21,178,64,210,187,210,187,45.35,14.35,97.21,178,64,210,187,210,187
46.137592,14.890636,45.35,14.35,97.21,45.35,14.35,97.21,45.35,14.35,97.21,45.35,14.35,97.21,45.35,14.35,97.21,,,Slovenia,MATERIAL_SAMPLE,45.35,14.35,97.21,178,64,210,187,210,187,45.35,14.35,97.21,178,64,210,187,210,187,45.35,14.35,97.21,178,64,210,187,210,187
46.137592,14.890636,45.35,14.35,97.21,45.35,14.35,97.21,45.35,14.35,97.21,45.35,14.35,97.21,45.35,14.35,97.21,,,Slovenia,MATERIAL_SAMPLE,45.35,14.35,97.21,178,64,210,187,210,187,45.35,14.35,97.21,178,64,210,187,210,187,45.35,14.35,97.21,178,64,210,187,210,187
42.98201,12.763658,43.65,13.45,92.84,43.65,13.45,92.84,43.65,13.45,92.84,43.65,13.45,92.84,43.65,13.45,92.84,,,Italy,MATERIAL_SAMPLE,43.65,13.45,92.84,212,208,127,125,127,125,43.65,13.45,92.84,212,208,127,125,127,125,43.65,13.45,92.84,212,208,127,125,127,125
42.98201,12.763658,43.65,13.45,92.84,43.65,13.45,92.84,43.65,13.45,92.84,43.65,13.45,92.84,43.65,13.45,92.84,,,Italy,MATERIAL_SAMPLE,43.65,13.45,92.84,212,208,127,125,127,125,43.65,13.45,92.84,212,208,127,125,127,125,43.65,13.45,92.84,212,208,127,125,127,125
42.98201,12.763658,43.65,13.45,92.84,43.65,13.45,92.84,43.65,13.45,92.84,43.65,13.45,92.84,43.65,13.45,92.84,,,Italy,MATERIAL_SAMPLE,43.65,13.45,92.84,212,208,127,125,127,125,43.65,13.45,92.84,212,208,127,125,127,125,43.65,13.45,92.84,212,208,127,125,127,125
42.98201,12.763658,43.65,13.45,92.84,43.65,13.45,92.84,43.65,13.45,92.84,43.65,13.45,92.84,43.65,13.45,92.84,,,Italy,MATERIAL_SAMPLE,43.65,13.45,92.84,212,208,127,125,127,125,43.65,13.45,92.84,212,208,127,125,127,125,43.65,13.45,92.84,212,208,127,125,127,125
42.98201,12.763658,43.65,13.45,92.84,43.65,13.45,92.84,43.65,13.45,92.84,43.65,13.45,92.84,43.65,13.45,92.84,,,Italy,MATERIAL_SAMPLE,43.65,13.45,92.84,212,208,127,125,127,125,43.65,13.45,92.84,212,208,127,125,127,125,43.65,13.45,92.84,212,208,127,125,127,125
42.98201,12.763658,43.65,13.45,92.84,43.65,13.45,92.84,43.65,13.45,92.84,43.65,13.45,92.84,43.65,13.45,92.84,,,Italy,MATERIAL_SAMPLE,43.65,13.45,92.84,212,208,127,125,127,125,43.65,13.45,92.84,212,208,127,125,127,125,43.65,13.45,92.84,212,208,127,125,127,125
42.98201,12.763658,43.65,13.45,92.84,43.65,13.45,92.84,43.65,13.45,92.84,43.65,13.45,92.84,43.65,13.45,92.84,,,Italy,MATERIAL_SAMPLE,43.65,13.45,92.84,212,208,127,125,127,125,43.65,13.45,92.84,212,208,127,125,127,125,43.65,13.45,92.84,212,208,127,125,127,125
42.98201,12.763658,43.65,13.45,92.84,43.65,13.45,92.84,43.65,13.45,92.84,43.65,13.45,92.84,43.65,13.45,92.84,,,Italy,MATERIAL_SAMPLE,43.65,13.45,92.84,212,208,127,125,127,125,43.65,13.45,92.84,212,208,127,125,127,125,43.65,13.45,92.84,212,208,127,125,127,125
42.98201,12.763658,43.65,13.45,92.84,43.65,13.45,92.84,43.65,13.45,92.84,43.65,13.45,92.84,43.65,13.45,92.84,,,Italy,MATERIAL_SAMPLE,43.65,13.45,92.84,212,208,127,125,127,125,43.65,13.45,92.84,212,208,127,125,127,125,43.65,13.45,92.84,212,208,127,125,127,125
42.98201,12.763658,43.65,13.45,92.84,43.65,13.45,92.84,43.65,13.45,92.84,43.65,13.45,92.84,43.65,13.45,92.84,,,Italy,MATERIAL_SAMPLE,43.65,13.45,92.84,212,208,127,125,127,125,43.65,13.45,92.84,212,208,127,125,127,125,43.65,13.45,92.84,212,208,127,125,127,125
42.98201,12.763658,43.65,13.45,92.84,43.65,13.45,92.84,43.65,13.45,92.84,43.65,13.45,92.84,43.65,13.45,92.84,,,Italy,MATERIAL_SAMPLE,43.65,13.45,92.84,212,208,127,125,127,125,43.65,13.45,92.84,212,208,127,125,127,125,43.65,13.45,92.84,212,208,127,125,127,125
42.98201,12.763658,43.65,13.45,92.84,43.65,13.45,92.84,43.65,13.45,92.84,43.65,13.45,92.84,43.65,13.45,92.84,,,Italy,MATERIAL_SAMPLE,43.65,13.45,92.84,212,208,127,125,127,125,43.65,13.45,92.84,212,208,127,125,127,125,43.65,13.45,92.84,212,208,127,125,127,125
45.53,13.556,45.53,13.556,0,45.53,13.556,0,45.53,13.556,0,45.53,13.556,0,45.53,13.556,0,,,Slovenia,MATERIAL_SAMPLE,,,,0,2,155,153,155,153,,,,0,2,155,153,155,153,,,,0,2,155,153,155,153
45.547,13.722,45.55,13.65,5.62,45.55,13.65,5.62,45.55,13.65,5.62,45.55,13.65,5.62,45.55,13.65,5.62,,,Slovenia,MATERIAL_SAMPLE,45.55,13.65,5.62,8,7,161,160,161,160,45.55,13.65,5.62,8,7,161,160,161,160,45.55,13.65,5.62,8,7,161,160,161,160
45.547,13.722,45.55,13.65,5.62,45.55,13.65,5.62,45.55,13.65,5.62,45.55,13.65,5.62,45.55,13.65,5.62,,,Slovenia,MATERIAL_SAMPLE,45.55,13.65,5.62,8,7,161,160,161,160,45.55,13.65,5.62,8,7,161,160,161,160,45.55,13.65,5.62,8,7,161,160,161,160
